{"resources":["audiosprite.ac3","audiosprite.mp3","audiosprite.m4a","audiosprite.ogg"],"spritemap":{"0":{"start":0,"end":0.5863038548752835,"loop":false},"1":{"start":2,"end":2.59718820861678,"loop":false},"2":{"start":24,"end":24.55873015873016,"loop":false},"3":{"start":53,"end":53.57011337868481,"loop":false},"4":{"start":69,"end":69.62258503401361,"loop":false},"5":{"start":71,"end":71.6269387755102,"loop":false},"6":{"start":73,"end":73.58244897959183,"loop":false},"7":{"start":75,"end":75.60385487528345,"loop":false},"8":{"start":77,"end":77.60548752834467,"loop":false},"9":{"start":79,"end":79.60371882086167,"loop":false},"10":{"start":4,"end":4.568163265306122,"loop":false},"11":{"start":6,"end":6.5384126984126985,"loop":false},"12":{"start":8,"end":8.623310657596372,"loop":false},"13":{"start":10,"end":10.604444444444445,"loop":false},"14":{"start":12,"end":12.762267573696144,"loop":false},"15":{"start":14,"end":14.824081632653062,"loop":false},"16":{"start":16,"end":16.92517006802721,"loop":false},"17":{"start":18,"end":18.90122448979592,"loop":false},"18":{"start":20,"end":20.995555555555555,"loop":false},"19":{"start":22,"end":22.897233560090704,"loop":false},"20":{"start":26,"end":26.729342403628117,"loop":false},"21":{"start":28,"end":28.99111111111111,"loop":false},"22":{"start":30,"end":31.03374149659864,"loop":false},"23":{"start":33,"end":34.12462585034014,"loop":false},"24":{"start":36,"end":37.11609977324263,"loop":false},"25":{"start":39,"end":40.1059410430839,"loop":false},"26":{"start":42,"end":43.011428571428574,"loop":false},"27":{"start":45,"end":46.0902947845805,"loop":false},"28":{"start":48,"end":49.065124716553285,"loop":false},"29":{"start":51,"end":51.911791383219956,"loop":false},"30":{"start":55,"end":55.6778231292517,"loop":false},"31":{"start":57,"end":57.83632653061225,"loop":false},"32":{"start":59,"end":59.827120181405895,"loop":false},"33":{"start":61,"end":61.938866213151925,"loop":false},"34":{"start":63,"end":63.98820861678004,"loop":false},"35":{"start":65,"end":65.97043083900226,"loop":false},"36":{"start":67,"end":67.96063492063492,"loop":false},"audio_on":{"start":81,"end":81.15571428571428,"loop":false},"ball_on_number":{"start":83,"end":87.68748299319728,"loop":false},"ballremove":{"start":89,"end":92.5,"loop":false},"ballrun":{"start":94,"end":100,"loop":false},"black":{"start":101,"end":101.65274376417234,"loop":false},"btn2":{"start":103,"end":103.04691609977324,"loop":false},"game_will_start":{"start":105,"end":107.60063492063492,"loop":false},"jeton":{"start":109,"end":109.11378684807256,"loop":false},"limit":{"start":111,"end":111.21614512471655,"loop":false},"no_more_bets":{"start":113,"end":114.74054421768707,"loop":false},"place":{"start":116,"end":118.10140589569161,"loop":false},"red":{"start":120,"end":120.60648526077098,"loop":false},"removejeton":{"start":122,"end":122.6,"loop":false},"rge_odo_end":{"start":124,"end":126.0004081632653,"loop":false},"rge_odo_start":{"start":128,"end":131.25204081632654,"loop":false},"rge_win_02":{"start":133,"end":135.75,"loop":false},"rge_win_06":{"start":137,"end":140.1255328798186,"loop":false},"rge_win_09":{"start":142,"end":145.5,"loop":false},"rge_win_12":{"start":147,"end":151.39256235827665,"loop":false},"rge_win_18":{"start":153,"end":157.37501133786847,"loop":false},"rge_win_36":{"start":159,"end":164.57133786848073,"loop":false},"selectjeton":{"start":166,"end":166.0609523809524,"loop":false},"silence":{"start":168,"end":168.49709750566893,"loop":false}}}